glasswallsolutions.com,/,html
glasswallsolutions.com,/ceo-blog,html
glasswallsolutions.com,/ceo-blog/,html
glasswallsolutions.com,/company/,html
glasswallsolutions.com,/contact,html
glasswallsolutions.com,/contact/,html
glasswallsolutions.com,/content-disarm-and-reconstruction/,html
glasswallsolutions.com,/content-hub/,html
glasswallsolutions.com,/covid-19-statement/,html
glasswallsolutions.com,/customer-success-stories,html
glasswallsolutions.com,/customer-success-stories/,html
glasswallsolutions.com,/customer-success-stories-1/,html
glasswallsolutions.com,/customer-success-stories-1-2/,html
glasswallsolutions.com,/customer-success-stories-1-2-2/,html
glasswallsolutions.com,/customer-success-stories-1-2-2-2/,html
glasswallsolutions.com,/cyber-defense-controlling-access-and-controlling-costs/,html
glasswallsolutions.com,/demo,html
glasswallsolutions.com,/demo/,html
glasswallsolutions.com,/feed/,html
glasswallsolutions.com,/file-drop,html
glasswallsolutions.com,/file-drop/,html
glasswallsolutions.com,/filetrust-for-email/,html
glasswallsolutions.com,/file-type-detection,html
glasswallsolutions.com,/file-type-detection/,html
glasswallsolutions.com,/free-cyber-protection-for-small-businesses/,html
glasswallsolutions.com,/gated/keeping-the-enterprise-secure-a-tangled-web-of-contradictions/,html
glasswallsolutions.com,/glasswall-partners-with-hunna/,html
glasswallsolutions.com,/glasswall-partners-with-link22/,html
glasswallsolutions.com,/hunna-usb-sanitiser,html
glasswallsolutions.com,/hunna-usb-sanitiser/,html
glasswallsolutions.com,/my-2019-cyber-retrospective/,html
glasswallsolutions.com,/oakdoor-file-gateway/,html
glasswallsolutions.com,/Oakdoor-File-Gateway,html
glasswallsolutions.com,/Oakdoor-File-Gateway/,html
glasswallsolutions.com,/partners,html
glasswallsolutions.com,/partners/,html
glasswallsolutions.com,/privacy-policy/,html
glasswallsolutions.com,/products,html
glasswallsolutions.com,/products/,html
glasswallsolutions.com,/rebuild-api,html
glasswallsolutions.com,/rebuild-api/,html
glasswallsolutions.com,/rebuild-api-launch/,html
glasswallsolutions.com,/rebuild-cloud,html
glasswallsolutions.com,/rebuild-for-email,html
glasswallsolutions.com,/rebuild-for-email/,html
glasswallsolutions.com,/rebuild-sdk,html
glasswallsolutions.com,/rebuild-sdk/,html
glasswallsolutions.com,/Rebuild-SDK,html
glasswallsolutions.com,/Rebuild-SDK/,html
glasswallsolutions.com,/research-shows-that-email-security-vulnerabilities-cause-security-leaders-the-most-worry/,html
glasswallsolutions.com,/resources/,html
glasswallsolutions.com,/technology,html
glasswallsolutions.com,/technology/,html
glasswallsolutions.com,/the-next-evolution-of-phishing-is-here/,html
glasswallsolutions.com,/threat-intelligence-bulletin-evasive-spear-phishing/,html
glasswallsolutions.com,/threat-intelligence-bulletin-is-your-business-still-designed-for-microsoft-xp/,html
glasswallsolutions.com,/threat-intelligence-bulletin-the-primary-role-of-windows-documents-in-fileless-malware-attacks-and-how-to-stop-them/,html
glasswallsolutions.com,/threat-intelligence-bulletin-windows-vulnerability-targeted-malware/,html
glasswallsolutions.com,/why-we-want-to-keep-20-charities-safe-in-2020/,html
glasswallsolutions.com,/wp-content/plugins/cookie-notice/css/front.min.css,css
glasswallsolutions.com,/wp-content/plugins/cookie-notice/js/front.min.js,js
glasswallsolutions.com,/wp-content/plugins/ditty-news-ticker/inc/static/css/style.css,css
glasswallsolutions.com,/wp-content/plugins/ditty-news-ticker/inc/static/js/ditty-news-ticker.min.js,js
glasswallsolutions.com,/wp-content/plugins/ditty-news-ticker/inc/static/js/imagesloaded.pkgd.min.js,js
glasswallsolutions.com,/wp-content/plugins/ditty-news-ticker/inc/static/js/jquery.easing.js,js
glasswallsolutions.com,/wp-content/plugins/ditty-news-ticker/inc/static/js/jquery.touchSwipe.min.js,js
glasswallsolutions.com,/wp-content/plugins/ditty-news-ticker/inc/static/libs/fontastic/fonts/ditty-news-ticker.eot,eot
glasswallsolutions.com,/wp-content/plugins/ditty-news-ticker/inc/static/libs/fontastic/fonts/ditty-news-ticker.svg,svg
glasswallsolutions.com,/wp-content/plugins/ditty-news-ticker/inc/static/libs/fontastic/fonts/ditty-news-ticker.ttf,ttf
glasswallsolutions.com,/wp-content/plugins/ditty-news-ticker/inc/static/libs/fontastic/fonts/ditty-news-ticker.woff,woff
glasswallsolutions.com,/wp-content/plugins/ditty-news-ticker/inc/static/libs/fontastic/styles.css,css
glasswallsolutions.com,/wp-content/plugins/gravityforms/css/browsers.min.css,css
glasswallsolutions.com,/wp-content/plugins/gravityforms/css/chosen-sprite,html
glasswallsolutions.com,/wp-content/plugins/gravityforms/css/chosen-sprite.png,png
glasswallsolutions.com,/wp-content/plugins/gravityforms/css/formreset.min.css,css
glasswallsolutions.com,/wp-content/plugins/gravityforms/css/formsmain.min.css,css
glasswallsolutions.com,/wp-content/plugins/gravityforms/css/readyclass.min.css,css
glasswallsolutions.com,/wp-content/plugins/gravityforms/images/gf-creditcard-icons.svg,svg
glasswallsolutions.com,/wp-content/plugins/gravityforms/js/gravityforms.min.js,js
glasswallsolutions.com,/wp-content/plugins/gravityforms/js/jquery.json.min.js,js
glasswallsolutions.com,/wp-content/plugins/gravityforms/js/placeholders.jquery.min.js,js
glasswallsolutions.com,/wp-content/plugins/sharethis-share-buttons/css/mu-style.css,css
glasswallsolutions.com,/wp-content/themes/brunel/assets/dist/images/angle-left.svg,svg
glasswallsolutions.com,/wp-content/themes/brunel/assets/dist/images/angle-right.svg,svg
glasswallsolutions.com,/wp-content/themes/glasswall/assets/dist/images/angle-down.svg,svg
glasswallsolutions.com,/wp-content/themes/glasswall/assets/dist/images/arrow-pagination.svg,svg
glasswallsolutions.com,/wp-content/themes/glasswall/assets/dist/images/arrow-pagination-white.svg,svg
glasswallsolutions.com,/wp-content/themes/glasswall/assets/dist/images/arrow-right-green.svg,svg
glasswallsolutions.com,/wp-content/themes/glasswall/assets/dist/images/arrow-right.svg,svg
glasswallsolutions.com,/wp-content/themes/glasswall/assets/dist/images/border-bars.svg,svg
glasswallsolutions.com,/wp-content/themes/glasswall/assets/dist/images/check.svg,svg
glasswallsolutions.com,/wp-content/themes/glasswall/assets/dist/images/expand-icon.svg,svg
glasswallsolutions.com,/wp-content/themes/glasswall/assets/dist/images/favicon.png,png
glasswallsolutions.com,/wp-content/themes/glasswall/assets/dist/images/icon-chevron.svg,svg
glasswallsolutions.com,/wp-content/themes/glasswall/assets/dist/images/logo.svg,svg
glasswallsolutions.com,/wp-content/themes/glasswall/assets/dist/images/search.svg,svg
glasswallsolutions.com,/wp-content/themes/glasswall/assets/dist/images/share.svg,svg
glasswallsolutions.com,/wp-content/themes/glasswall/assets/dist/scripts/scripts.min.js,js
glasswallsolutions.com,/wp-content/themes/glasswall/assets/dist/styles/styles.min.css,css
glasswallsolutions.com,/wp-content/themes/glasswall/assets/owl.carousel.min.css,css
glasswallsolutions.com,/wp-content/themes/glasswall/assets/owl.carousel.min.js,js
glasswallsolutions.com,/wp-content/themes/glasswall/assets/owl.theme.default.min.css,css
glasswallsolutions.com,/wp-content/themes/glasswall/assets/owl.video.play.png,png
glasswallsolutions.com,/wp-content/themes/glasswall/style.css,css
glasswallsolutions.com,/wp-content/uploads/2019/01/0-1.jpeg,jpeg
glasswallsolutions.com,/wp-content/uploads/2019/01/847473-500x414.jpg,jpg
glasswallsolutions.com,/wp-content/uploads/2019/01/PLIj0QFn_400x400.jpeg,jpeg
glasswallsolutions.com,/wp-content/uploads/2019/02/anne-tiedemann-150x150.png,png
glasswallsolutions.com,/wp-content/uploads/2019/02/Big-INNOVATION-image.jpg,jpg
glasswallsolutions.com,/wp-content/uploads/2019/02/CNI.whitepaper.image_-1024x577.jpg,jpg
glasswallsolutions.com,/wp-content/uploads/2019/02/CNI.whitepaper.image_-300x169.jpg,jpg
glasswallsolutions.com,/wp-content/uploads/2019/02/CNI.whitepaper.image_-400x225.jpg,jpg
glasswallsolutions.com,/wp-content/uploads/2019/02/CNI.whitepaper.image_-768x433.jpg,jpg
glasswallsolutions.com,/wp-content/uploads/2019/02/CNI.whitepaper.image_.jpg,jpg
glasswallsolutions.com,/wp-content/uploads/2019/02/cross-domain-cover.jpg,jpg
glasswallsolutions.com,/wp-content/uploads/2019/02/ctgukitia-17-winner-security-innovation-of-the-year-130-x-130-72x72.png,png
glasswallsolutions.com,/wp-content/uploads/2019/02/ctgukitia-17-winner-security-innovation-of-the-year-130-x-130.png,png
glasswallsolutions.com,/wp-content/uploads/2019/02/iet-award-logo-2016-innovation-winner-415-x-100.png,png
glasswallsolutions.com,/wp-content/uploads/2019/02/image-900x7001.jpg,jpg
glasswallsolutions.com,/wp-content/uploads/2019/02/lord-bernard-hogan-howe-150x150.png,png
glasswallsolutions.com,/wp-content/uploads/2019/02/nick-bloom-150x150.png,png
glasswallsolutions.com,/wp-content/uploads/2019/02/partner-boeing-300x153.jpg,jpg
glasswallsolutions.com,/wp-content/uploads/2019/02/partner-boeing-768x391.jpg,jpg
glasswallsolutions.com,/wp-content/uploads/2019/02/partner-boeing.jpg,jpg
glasswallsolutions.com,/wp-content/uploads/2019/02/partner-forcepoint-300x153.jpg,jpg
glasswallsolutions.com,/wp-content/uploads/2019/02/partner-forcepoint-768x391.jpg,jpg
glasswallsolutions.com,/wp-content/uploads/2019/02/partner-forcepoint.jpg,jpg
glasswallsolutions.com,/wp-content/uploads/2019/02/partner-inteligen-300x153.jpg,jpg
glasswallsolutions.com,/wp-content/uploads/2019/02/partner-inteligen-768x391.jpg,jpg
glasswallsolutions.com,/wp-content/uploads/2019/02/partner-inteligen.jpg,jpg
glasswallsolutions.com,/wp-content/uploads/2019/02/partner-lockheed-martin-300x153.jpg,jpg
glasswallsolutions.com,/wp-content/uploads/2019/02/partner-lockheed-martin-768x391.jpg,jpg
glasswallsolutions.com,/wp-content/uploads/2019/02/partner-lockheed-martin.jpg,jpg
glasswallsolutions.com,/wp-content/uploads/2019/02/partner-microsoft-300x153.jpg,jpg
glasswallsolutions.com,/wp-content/uploads/2019/02/partner-microsoft-768x391.jpg,jpg
glasswallsolutions.com,/wp-content/uploads/2019/02/partner-microsoft.jpg,jpg
glasswallsolutions.com,/wp-content/uploads/2019/02/partner-novastone-300x153.jpg,jpg
glasswallsolutions.com,/wp-content/uploads/2019/02/partner-novastone-768x391.jpg,jpg
glasswallsolutions.com,/wp-content/uploads/2019/02/partner-novastone.jpg,jpg
glasswallsolutions.com,/wp-content/uploads/2019/02/paul-burke-150x150.png,png
glasswallsolutions.com,/wp-content/uploads/2019/02/philip-rambech-150x150.png,png
glasswallsolutions.com,/wp-content/uploads/2019/02/phil-reilly-2-150x150.png,png
glasswallsolutions.com,/wp-content/uploads/2019/02/platinum-small-130-x-130-72x72.png,png
glasswallsolutions.com,/wp-content/uploads/2019/02/platinum-small-130-x-130.png,png
glasswallsolutions.com,/wp-content/uploads/2019/02/research.paper_-300x169.jpg,jpg
glasswallsolutions.com,/wp-content/uploads/2019/02/research.paper_-400x225.jpg,jpg
glasswallsolutions.com,/wp-content/uploads/2019/02/research.paper_-768x433.jpg,jpg
glasswallsolutions.com,/wp-content/uploads/2019/02/research.paper_.jpg,jpg
glasswallsolutions.com,/wp-content/uploads/2019/02/rick-ledgett-150x150.png,png
glasswallsolutions.com,/wp-content/uploads/2019/02/sam-hutton-150x150.png,png
glasswallsolutions.com,/wp-content/uploads/2019/02/scawards-2016-europe-winner-horiz-214-x-100.png,png
glasswallsolutions.com,/wp-content/uploads/2019/02/simon-church-150x150.png,png
glasswallsolutions.com,/wp-content/uploads/2019/02/sir-Iain-lobban-150x150.png,png
glasswallsolutions.com,/wp-content/uploads/2019/02/sir-nigel-knowles-150x150.png,png
glasswallsolutions.com,/wp-content/uploads/2019/03/april-image-1-300x70.png,png
glasswallsolutions.com,/wp-content/uploads/2019/03/april-image-1.png,png
glasswallsolutions.com,/wp-content/uploads/2019/03/april-image-3-300x118.png,png
glasswallsolutions.com,/wp-content/uploads/2019/03/april-image-3-768x301.png,png
glasswallsolutions.com,/wp-content/uploads/2019/03/april-image-3.png,png
glasswallsolutions.com,/wp-content/uploads/2019/03/april-image-4-300x103.png,png
glasswallsolutions.com,/wp-content/uploads/2019/03/april-image-4.png,png
glasswallsolutions.com,/wp-content/uploads/2019/03/april-image-5-300x72.png,png
glasswallsolutions.com,/wp-content/uploads/2019/03/april-image-5.png,png
glasswallsolutions.com,/wp-content/uploads/2019/03/april-image-6-300x200.png,png
glasswallsolutions.com,/wp-content/uploads/2019/03/april-image-6.png,png
glasswallsolutions.com,/wp-content/uploads/2019/03/Glasswall-Threat-Intelligence-Bulletin-April-2019.pdf,pdf
glasswallsolutions.com,/wp-content/uploads/2019/03/Glasswall-Threat-Intelligence-Bulletin-March-2019.pdf,pdf
glasswallsolutions.com,/wp-content/uploads/2019/03/image-scmedia-finalist.jpg,jpg
glasswallsolutions.com,/wp-content/uploads/2019/03/march-image-1-300x185.png,png
glasswallsolutions.com,/wp-content/uploads/2019/03/march-image-1.png,png
glasswallsolutions.com,/wp-content/uploads/2019/03/march-image-2-300x149.png,png
glasswallsolutions.com,/wp-content/uploads/2019/03/march-image-2-768x382.png,png
glasswallsolutions.com,/wp-content/uploads/2019/03/march-image-2.png,png
glasswallsolutions.com,/wp-content/uploads/2019/03/march-image-3-300x85.png,png
glasswallsolutions.com,/wp-content/uploads/2019/03/march-image-3-768x218.png,png
glasswallsolutions.com,/wp-content/uploads/2019/03/march-image-3.png,png
glasswallsolutions.com,/wp-content/uploads/2019/04/Glasswall-Uncovering-the-Real-Threats.pdf,pdf
glasswallsolutions.com,/wp-content/uploads/2019/04/paddy-mcguinness-150x150.png,png
glasswallsolutions.com,/wp-content/uploads/2019/04/partner-justone-300x153.jpg,jpg
glasswallsolutions.com,/wp-content/uploads/2019/04/partner-justone-768x391.jpg,jpg
glasswallsolutions.com,/wp-content/uploads/2019/04/partner-justone.jpg,jpg
glasswallsolutions.com,/wp-content/uploads/2019/04/partner-pa-300x153.jpg,jpg
glasswallsolutions.com,/wp-content/uploads/2019/04/partner-pa-768x391.jpg,jpg
glasswallsolutions.com,/wp-content/uploads/2019/04/partner-pa.jpg,jpg
glasswallsolutions.com,/wp-content/uploads/2019/04/Screenshot-2019-04-01-at-2.35.58-pm-1024x203.png,png
glasswallsolutions.com,/wp-content/uploads/2019/04/Screenshot-2019-04-01-at-2.35.58-pm-300x59.png,png
glasswallsolutions.com,/wp-content/uploads/2019/04/Screenshot-2019-04-01-at-2.35.58-pm-768x152.png,png
glasswallsolutions.com,/wp-content/uploads/2019/04/Screenshot-2019-04-01-at-2.35.58-pm.png,png
glasswallsolutions.com,/wp-content/uploads/2019/04/whitepaper3-1024x577.jpg,jpg
glasswallsolutions.com,/wp-content/uploads/2019/04/whitepaper3-300x169.jpg,jpg
glasswallsolutions.com,/wp-content/uploads/2019/04/whitepaper3-400x225.jpg,jpg
glasswallsolutions.com,/wp-content/uploads/2019/04/whitepaper3-768x433.jpg,jpg
glasswallsolutions.com,/wp-content/uploads/2019/04/whitepaper3-scaled.jpg,jpg
glasswallsolutions.com,/wp-content/uploads/2019/05/optiv-300x153.jpg,jpg
glasswallsolutions.com,/wp-content/uploads/2019/05/optiv-768x391.jpg,jpg
glasswallsolutions.com,/wp-content/uploads/2019/05/optiv.jpg,jpg
glasswallsolutions.com,/wp-content/uploads/2019/06/danny-lopez-150x150.png,png
glasswallsolutions.com,/wp-content/uploads/2019/06/Glasswall-Threat-Intelligence-Bulletin-June-2019.pdf,pdf
glasswallsolutions.com,/wp-content/uploads/2019/06/June-2019-10-300x187.png,png
glasswallsolutions.com,/wp-content/uploads/2019/06/June-2019-10-768x480.png,png
glasswallsolutions.com,/wp-content/uploads/2019/06/June-2019-10.png,png
glasswallsolutions.com,/wp-content/uploads/2019/06/June-2019-1-300x186.png,png
glasswallsolutions.com,/wp-content/uploads/2019/06/June-2019-1.png,png
glasswallsolutions.com,/wp-content/uploads/2019/06/June-2019-2-300x204.png,png
glasswallsolutions.com,/wp-content/uploads/2019/06/June-2019-2.png,png
glasswallsolutions.com,/wp-content/uploads/2019/06/June-2019-3-300x186.png,png
glasswallsolutions.com,/wp-content/uploads/2019/06/June-2019-3.png,png
glasswallsolutions.com,/wp-content/uploads/2019/06/June-2019-4-300x191.png,png
glasswallsolutions.com,/wp-content/uploads/2019/06/June-2019-4.png,png
glasswallsolutions.com,/wp-content/uploads/2019/06/June-2019-5-300x192.png,png
glasswallsolutions.com,/wp-content/uploads/2019/06/June-2019-5.png,png
glasswallsolutions.com,/wp-content/uploads/2019/06/June-2019-6-300x192.png,png
glasswallsolutions.com,/wp-content/uploads/2019/06/June-2019-6.png,png
glasswallsolutions.com,/wp-content/uploads/2019/06/June-2019-7-300x220.png,png
glasswallsolutions.com,/wp-content/uploads/2019/06/June-2019-7.png,png
glasswallsolutions.com,/wp-content/uploads/2019/06/June-2019-8-300x191.png,png
glasswallsolutions.com,/wp-content/uploads/2019/06/June-2019-8.png,png
glasswallsolutions.com,/wp-content/uploads/2019/06/June-2019-9-300x116.png,png
glasswallsolutions.com,/wp-content/uploads/2019/06/June-2019-9-768x296.png,png
glasswallsolutions.com,/wp-content/uploads/2019/06/June-2019-9.png,png
glasswallsolutions.com,/wp-content/uploads/2019/07/Michael-Spencer-150x150.png,png
glasswallsolutions.com,/wp-content/uploads/2019/08/cta-blue.jpg,jpg
glasswallsolutions.com,/wp-content/uploads/2019/08/Evasive-Spear-Phishing-Part-1a.pdf,pdf
glasswallsolutions.com,/wp-content/uploads/2019/08/Glasswall-evasive-1-300x117.png,png
glasswallsolutions.com,/wp-content/uploads/2019/08/Glasswall-evasive-1-768x299.png,png
glasswallsolutions.com,/wp-content/uploads/2019/08/Glasswall-evasive-1.png,png
glasswallsolutions.com,/wp-content/uploads/2019/08/Glasswall-evasive-2-300x94.png,png
glasswallsolutions.com,/wp-content/uploads/2019/08/Glasswall-evasive-2-768x240.png,png
glasswallsolutions.com,/wp-content/uploads/2019/08/Glasswall-evasive-2.png,png
glasswallsolutions.com,/wp-content/uploads/2019/08/Glasswall-evasive-3-300x69.png,png
glasswallsolutions.com,/wp-content/uploads/2019/08/Glasswall-evasive-3-768x177.png,png
glasswallsolutions.com,/wp-content/uploads/2019/08/Glasswall-evasive-3.png,png
glasswallsolutions.com,/wp-content/uploads/2019/08/lock.board_-300x169.jpg,jpg
glasswallsolutions.com,/wp-content/uploads/2019/08/lock.board_-400x225.jpg,jpg
glasswallsolutions.com,/wp-content/uploads/2019/08/lock.board_-768x433.jpg,jpg
glasswallsolutions.com,/wp-content/uploads/2019/08/lock.board_-scaled.jpg,jpg
glasswallsolutions.com,/wp-content/uploads/2019/08/padlock-1024x577.jpg,jpg
glasswallsolutions.com,/wp-content/uploads/2019/08/padlock-300x169.jpg,jpg
glasswallsolutions.com,/wp-content/uploads/2019/08/padlock-400x225.jpg,jpg
glasswallsolutions.com,/wp-content/uploads/2019/08/padlock-768x433.jpg,jpg
glasswallsolutions.com,/wp-content/uploads/2019/08/padlock-scaled.jpg,jpg
glasswallsolutions.com,/wp-content/uploads/2019/09/2019-GBA-Silver-v1.png,png
glasswallsolutions.com,/wp-content/uploads/2019/09/phishing-300x169.jpg,jpg
glasswallsolutions.com,/wp-content/uploads/2019/09/phishing-400x225.jpg,jpg
glasswallsolutions.com,/wp-content/uploads/2019/09/phishing-768x433.jpg,jpg
glasswallsolutions.com,/wp-content/uploads/2019/09/phishing-scaled.jpg,jpg
glasswallsolutions.com,/wp-content/uploads/2019/11/Header-Image-scaled.jpg,jpg
glasswallsolutions.com,/wp-content/uploads/2019/11/Header-Image-scaled-scaled.jpg,jpg
glasswallsolutions.com,/wp-content/uploads/2019/12/4secure-300x153.jpg,jpg
glasswallsolutions.com,/wp-content/uploads/2019/12/4secure-768x391.jpg,jpg
glasswallsolutions.com,/wp-content/uploads/2019/12/4secure.jpg,jpg
glasswallsolutions.com,/wp-content/uploads/2019/12/bae2-300x153.jpg,jpg
glasswallsolutions.com,/wp-content/uploads/2019/12/bae2-768x391.jpg,jpg
glasswallsolutions.com,/wp-content/uploads/2019/12/bae2.jpg,jpg
glasswallsolutions.com,/wp-content/uploads/2019/12/BAH-300x153.jpg,jpg
glasswallsolutions.com,/wp-content/uploads/2019/12/BAH-768x391.jpg,jpg
glasswallsolutions.com,/wp-content/uploads/2019/12/BAH.jpg,jpg
glasswallsolutions.com,/wp-content/uploads/2019/12/biotech-1024x577.jpg,jpg
glasswallsolutions.com,/wp-content/uploads/2019/12/biotech-300x169.jpg,jpg
glasswallsolutions.com,/wp-content/uploads/2019/12/biotech-400x225.jpg,jpg
glasswallsolutions.com,/wp-content/uploads/2019/12/biotech-768x433.jpg,jpg
glasswallsolutions.com,/wp-content/uploads/2019/12/biotech-scaled.jpg,jpg
glasswallsolutions.com,/wp-content/uploads/2019/12/BLTA-Mobile-300x138.png,png
glasswallsolutions.com,/wp-content/uploads/2019/12/BLTA-Mobile-768x353.png,png
glasswallsolutions.com,/wp-content/uploads/2019/12/BLTA-Mobile.png,png
glasswallsolutions.com,/wp-content/uploads/2019/12/ceo-blog-348.png,png
glasswallsolutions.com,/wp-content/uploads/2019/12/customer-348.png,png
glasswallsolutions.com,/wp-content/uploads/2019/12/deepfile-1150x700-1.png,png
glasswallsolutions.com,/wp-content/uploads/2019/12/deepfile-340.png,png
glasswallsolutions.com,/wp-content/uploads/2019/12/law.firms_-1024x577.jpg,jpg
glasswallsolutions.com,/wp-content/uploads/2019/12/law.firms_-300x169.jpg,jpg
glasswallsolutions.com,/wp-content/uploads/2019/12/law.firms_-400x225.jpg,jpg
glasswallsolutions.com,/wp-content/uploads/2019/12/law.firms_-768x433.jpg,jpg
glasswallsolutions.com,/wp-content/uploads/2019/12/law.firms_-scaled.jpg,jpg
glasswallsolutions.com,/wp-content/uploads/2019/12/logos__0000_OPTIV_logo-2.jpg,jpg
glasswallsolutions.com,/wp-content/uploads/2019/12/logos__0001_static1.squarespace-2-1.jpg,jpg
glasswallsolutions.com,/wp-content/uploads/2019/12/logos__0002_Novastone-2-1.jpg,jpg
glasswallsolutions.com,/wp-content/uploads/2019/12/logos__0003_1280px-Forcepoint_Logo.svg-2-1.jpg,jpg
glasswallsolutions.com,/wp-content/uploads/2019/12/logos__0004_MPN_GoldBadge_NoComps_Web-2.jpg,jpg
glasswallsolutions.com,/wp-content/uploads/2019/12/owl-300x153.jpg,jpg
glasswallsolutions.com,/wp-content/uploads/2019/12/owl-768x391.jpg,jpg
glasswallsolutions.com,/wp-content/uploads/2019/12/owl.jpg,jpg
glasswallsolutions.com,/wp-content/uploads/2019/12/powerlines-1024x577.jpg,jpg
glasswallsolutions.com,/wp-content/uploads/2019/12/powerlines-300x169.jpg,jpg
glasswallsolutions.com,/wp-content/uploads/2019/12/powerlines-400x225.jpg,jpg
glasswallsolutions.com,/wp-content/uploads/2019/12/powerlines-768x433.jpg,jpg
glasswallsolutions.com,/wp-content/uploads/2019/12/powerlines-scaled.jpg,jpg
glasswallsolutions.com,/wp-content/uploads/2019/12/remediation-1150x700-1.png,png
glasswallsolutions.com,/wp-content/uploads/2019/12/remediation-340.png,png
glasswallsolutions.com,/wp-content/uploads/2019/12/sanitisation-1150x700-1.png,png
glasswallsolutions.com,/wp-content/uploads/2019/12/sanitisation-340.png,png
glasswallsolutions.com,/wp-content/uploads/2019/12/tech-blog-348.png,png
glasswallsolutions.com,/wp-content/uploads/2020/01/2020loading-1024x577.jpg,jpg
glasswallsolutions.com,/wp-content/uploads/2020/01/2020loading-300x169.jpg,jpg
glasswallsolutions.com,/wp-content/uploads/2020/01/2020loading-400x225.jpg,jpg
glasswallsolutions.com,/wp-content/uploads/2020/01/2020loading-768x433.jpg,jpg
glasswallsolutions.com,/wp-content/uploads/2020/01/2020loading-scaled.jpg,jpg
glasswallsolutions.com,/wp-content/uploads/2020/01/4-secure-owl-cover.jpg,jpg
glasswallsolutions.com,/wp-content/uploads/2020/01/brief-cover.jpg,jpg
glasswallsolutions.com,/wp-content/uploads/2020/01/Cate-Pye-150x150.png,png
glasswallsolutions.com,/wp-content/uploads/2020/01/c-suite-cover.jpg,jpg
glasswallsolutions.com,/wp-content/uploads/2020/01/dde-weakness-cover.jpg,jpg
glasswallsolutions.com,/wp-content/uploads/2020/01/digital-transformation-1150x700..2.png,png
glasswallsolutions.com,/wp-content/uploads/2020/01/digital-transformation-risk-1150x700.2.png,png
glasswallsolutions.com,/wp-content/uploads/2020/01/Dinis-cruz-150x150.png,png
glasswallsolutions.com,/wp-content/uploads/2020/01/elections-cover.jpg,jpg
glasswallsolutions.com,/wp-content/uploads/2020/01/file-transfer-1150.2.png,png
glasswallsolutions.com,/wp-content/uploads/2020/01/filetrust-2000x700.3.png,png
glasswallsolutions.com,/wp-content/uploads/2020/01/forcepoint-cover.jpg,jpg
glasswallsolutions.com,/wp-content/uploads/2020/01/Glasswall-d-FIRST-Technology.pdf,pdf
glasswallsolutions.com,/wp-content/uploads/2020/01/Glasswall-Use-Case-4-Secure-OWL-Platform.pdf,pdf
glasswallsolutions.com,/wp-content/uploads/2020/01/Glasswall-Use-Case-Forcepoint.pdf,pdf
glasswallsolutions.com,/wp-content/uploads/2020/01/Glasswall-Use-Case-Novastone.pdf,pdf
glasswallsolutions.com,/wp-content/uploads/2020/01/gov-1150.png,png
glasswallsolutions.com,/wp-content/uploads/2020/01/IT-modernization-cover.jpg,jpg
glasswallsolutions.com,/wp-content/uploads/2020/01/novastone-cover.jpg,jpg
glasswallsolutions.com,/wp-content/uploads/2020/01/Peter-Westmacott-150x150.png,png
glasswallsolutions.com,/wp-content/uploads/2020/01/programing-1150x70.1.png,png
glasswallsolutions.com,/wp-content/uploads/2020/01/ransomware-cover.jpg,jpg
glasswallsolutions.com,/wp-content/uploads/2020/01/safefile-1150x700-1.png,png
glasswallsolutions.com,/wp-content/uploads/2020/01/Shard-blue-fav-2.png,png
glasswallsolutions.com,/wp-content/uploads/2020/01/stopwatch-1150x700.1.png,png
glasswallsolutions.com,/wp-content/uploads/2020/01/US-law-firms-cover.jpg,jpg
glasswallsolutions.com,/wp-content/uploads/2020/02/cdr.uncovering.threats.jpg,jpg
glasswallsolutions.com,/wp-content/uploads/2020/03/Glasswall-statement.jpg,jpg
glasswallsolutions.com,/wp-content/uploads/2020/04/Hunna-Partner-framed-300x153.png,png
glasswallsolutions.com,/wp-content/uploads/2020/04/Hunna-Partner-framed-768x391.png,png
glasswallsolutions.com,/wp-content/uploads/2020/04/Hunna-Partner-framed.png,png
glasswallsolutions.com,/wp-content/uploads/2020/04/Hunna-Partner-Post-1-1024x512.png,png
glasswallsolutions.com,/wp-content/uploads/2020/04/Hunna-Partner-Post-1-300x150.png,png
glasswallsolutions.com,/wp-content/uploads/2020/04/Hunna-Partner-Post-1-768x384.png,png
glasswallsolutions.com,/wp-content/uploads/2020/04/Hunna-Partner-Post-1.png,png
glasswallsolutions.com,/wp-content/uploads/2020/04/Hunna-Partner-Post2-1024x576.png,png
glasswallsolutions.com,/wp-content/uploads/2020/04/Hunna-Partner-Post2-300x169.png,png
glasswallsolutions.com,/wp-content/uploads/2020/04/Hunna-Partner-Post2-400x225.png,png
glasswallsolutions.com,/wp-content/uploads/2020/04/Hunna-Partner-Post2-768x432.png,png
glasswallsolutions.com,/wp-content/uploads/2020/04/Hunna-Partner-Post2.png,png
glasswallsolutions.com,/wp-content/uploads/2020/04/Link22-partner-framed-300x153.png,png
glasswallsolutions.com,/wp-content/uploads/2020/04/Link22-partner-framed-768x391.png,png
glasswallsolutions.com,/wp-content/uploads/2020/04/Link22-partner-framed.png,png
glasswallsolutions.com,/wp-content/uploads/2020/04/process-1150x700.1.png,png
glasswallsolutions.com,/wp-content/uploads/2020/04/Small-Business-web-version-1024x576.png,png
glasswallsolutions.com,/wp-content/uploads/2020/04/Small-Business-web-version-300x169.png,png
glasswallsolutions.com,/wp-content/uploads/2020/04/Small-Business-web-version-400x225.png,png
glasswallsolutions.com,/wp-content/uploads/2020/04/Small-Business-web-version-768x432.png,png
glasswallsolutions.com,/wp-content/uploads/2020/04/Small-Business-web-version.png,png
glasswallsolutions.com,/wp-content/uploads/2020/04/thumbnail1-300x169.jpg,jpg
glasswallsolutions.com,/wp-content/uploads/2020/04/thumbnail1-400x225.jpg,jpg
glasswallsolutions.com,/wp-content/uploads/2020/04/thumbnail1-768x432.jpg,jpg
glasswallsolutions.com,/wp-content/uploads/2020/04/thumbnail1-scaled.jpg,jpg
glasswallsolutions.com,/wp-content/uploads/2020/04/uk.jpg,jpg
glasswallsolutions.com,/wp-content/uploads/2020/04/us.jpg,jpg
glasswallsolutions.com,/wp-content/uploads/2020/05/api-cover-alternate.png,png
glasswallsolutions.com,/wp-content/uploads/2020/05/api-keys.png,png
glasswallsolutions.com,/wp-content/uploads/2020/05/Appliances-icon.png,png
glasswallsolutions.com,/wp-content/uploads/2020/05/Arrow2.72x144-3down.png,png
glasswallsolutions.com,/wp-content/uploads/2020/05/Arrow2.72x144-3.png,png
glasswallsolutions.com,/wp-content/uploads/2020/05/Arrow2.72x144.png,png
glasswallsolutions.com,/wp-content/uploads/2020/05/Arrow72x144.png,png
glasswallsolutions.com,/wp-content/uploads/2020/05/checkbox2.png,png
glasswallsolutions.com,/wp-content/uploads/2020/05/cloud-icon.png,png
glasswallsolutions.com,/wp-content/uploads/2020/05/Docker-small.png,png
glasswallsolutions.com,/wp-content/uploads/2020/05/email-cover-alternate.png,png
glasswallsolutions.com,/wp-content/uploads/2020/05/email-icon-2.png,png
glasswallsolutions.com,/wp-content/uploads/2020/05/file-detection-alternate.png,png
glasswallsolutions.com,/wp-content/uploads/2020/05/filedrop-2000x700.5.png,png
glasswallsolutions.com,/wp-content/uploads/2020/05/File-Drop-700.png,png
glasswallsolutions.com,/wp-content/uploads/2020/05/File-drop-cover-alernate.png,png
glasswallsolutions.com,/wp-content/uploads/2020/05/File-drop-image.png,png
glasswallsolutions.com,/wp-content/uploads/2020/05/File-drop-small-1.png,png
glasswallsolutions.com,/wp-content/uploads/2020/05/filematch.png,png
glasswallsolutions.com,/wp-content/uploads/2020/05/FileTrust-for-Email.png,png
glasswallsolutions.com,/wp-content/uploads/2020/05/FileTrust-Rebuild-SDK.png,png
glasswallsolutions.com,/wp-content/uploads/2020/05/File-Type-Detect-1.png,png
glasswallsolutions.com,/wp-content/uploads/2020/05/file-type-detection.900x700.png,png
glasswallsolutions.com,/wp-content/uploads/2020/05/File-Type-Detect.png,png
glasswallsolutions.com,/wp-content/uploads/2020/05/Github-small.png,png
glasswallsolutions.com,/wp-content/uploads/2020/05/glasswallapinewsfeed-300x168.png,png
glasswallsolutions.com,/wp-content/uploads/2020/05/glasswallapinewsfeed-400x225.png,png
glasswallsolutions.com,/wp-content/uploads/2020/05/glasswallapinewsfeed.png,png
glasswallsolutions.com,/wp-content/uploads/2020/05/Glasswall-File-Drop.png,png
glasswallsolutions.com,/wp-content/uploads/2020/05/Glasswall-Rebuild-Cloud-Service.png,png
glasswallsolutions.com,/wp-content/uploads/2020/05/Glasswall-store-feed.png,png
glasswallsolutions.com,/wp-content/uploads/2020/05/gtihub.png,png
glasswallsolutions.com,/wp-content/uploads/2020/05/hunna-alternate.png,png
glasswallsolutions.com,/wp-content/uploads/2020/05/Hunna-Product-Image-no-shadow.png,png
glasswallsolutions.com,/wp-content/uploads/2020/05/hunna-protected.png,png
glasswallsolutions.com,/wp-content/uploads/2020/05/hunna-system.png,png
glasswallsolutions.com,/wp-content/uploads/2020/05/Hunna-USB-Sanitiser.png,png
glasswallsolutions.com,/wp-content/uploads/2020/05/hunna-website-1.png,png
glasswallsolutions.com,/wp-content/uploads/2020/05/identities.png,png
glasswallsolutions.com,/wp-content/uploads/2020/05/investors300x300.png,png
glasswallsolutions.com,/wp-content/uploads/2020/05/Location28x44.png,png
glasswallsolutions.com,/wp-content/uploads/2020/05/medium-post-1.png,png
glasswallsolutions.com,/wp-content/uploads/2020/05/oakdoor-alternate.png,png
glasswallsolutions.com,/wp-content/uploads/2020/05/Oakdoor-File-Gateway.png,png
glasswallsolutions.com,/wp-content/uploads/2020/05/Oakdoor-image2.png,png
glasswallsolutions.com,/wp-content/uploads/2020/05/partnership-image-300x168.png,png
glasswallsolutions.com,/wp-content/uploads/2020/05/partnership-image-400x225.png,png
glasswallsolutions.com,/wp-content/uploads/2020/05/partnership-image-768x429.png,png
glasswallsolutions.com,/wp-content/uploads/2020/05/partnership-image.png,png
glasswallsolutions.com,/wp-content/uploads/2020/05/pa-website.png,png
glasswallsolutions.com,/wp-content/uploads/2020/05/Press-media.300x300.png,png
glasswallsolutions.com,/wp-content/uploads/2020/05/RebuildAPI.1-1024x576.png,png
glasswallsolutions.com,/wp-content/uploads/2020/05/RebuildAPI.1-300x169.png,png
glasswallsolutions.com,/wp-content/uploads/2020/05/RebuildAPI.1-400x225.png,png
glasswallsolutions.com,/wp-content/uploads/2020/05/RebuildAPI.1-768x432.png,png
glasswallsolutions.com,/wp-content/uploads/2020/05/RebuildAPI.1.png,png
glasswallsolutions.com,/wp-content/uploads/2020/05/rebuild-api-cover.png,png
glasswallsolutions.com,/wp-content/uploads/2020/05/Rebuild-API-Product-Overview.pdf,pdf
glasswallsolutions.com,/wp-content/uploads/2020/05/rebuild-for-email-cover.jpg,jpg
glasswallsolutions.com,/wp-content/uploads/2020/05/Rebuild-for-Email-Product-Overview.pdf,pdf
glasswallsolutions.com,/wp-content/uploads/2020/05/rebuild-image900x700.png,png
glasswallsolutions.com,/wp-content/uploads/2020/05/Rebuild-SDK.jpg,jpg
glasswallsolutions.com,/wp-content/uploads/2020/05/Rebuild-SDK-Product-Overview.pdf,pdf
glasswallsolutions.com,/wp-content/uploads/2020/05/sdk-cover-yellow-alternate.png,png
glasswallsolutions.com,/wp-content/uploads/2020/05/sdk-icon.png,png
glasswallsolutions.com,/wp-content/uploads/2020/05/technology-cover.jpg,jpg
glasswallsolutions.com,/wp-content/uploads/2020/05/Tech-support.300x300.png,png
glasswallsolutions.com,/wp-content/uploads/2020/05/try-file-drop.png,png
glasswallsolutions.com,/wp-content/uploads/2020/05/untrusted-tp-trusted-2.png,png
glasswallsolutions.com,/wp-content/uploads/2020/05/Usb-to-usb.2.png,png
glasswallsolutions.com,/wp-content/uploads/2020/05/youtube-1.png,png
glasswallsolutions.com,/wp-content/uploads/2020/06/Steve-roberts-150x150.png,png
glasswallsolutions.com,/wp-content/uploads/2020/07/Gateway-cover.jpg,jpg
glasswallsolutions.com,/wp-content/uploads/2020/08/fortinet-partner-300x153.png,png
glasswallsolutions.com,/wp-content/uploads/2020/08/fortinet-partner-768x391.png,png
glasswallsolutions.com,/wp-content/uploads/2020/08/fortinet-partner.png,png
glasswallsolutions.com,/wp-content/uploads/2020/08/fortinet-small.png,png
glasswallsolutions.com,/wp-content/uploads/2020/08/Luke-robbertse-150x150.png,png
glasswallsolutions.com,/wp-content/uploads/2020/08/Oakdoor-File-Gateway.pdf,pdf
glasswallsolutions.com,/wp-content/uploads/2020/10/Customer-new.png,png
glasswallsolutions.com,/wp-content/uploads/2020/10/Hunna-cover.png,png
glasswallsolutions.com,/wp-content/uploads/2020/10/HunnaSystem-USB-Santiser.pdf,pdf
glasswallsolutions.com,/wp-content/uploads/2020/11/Laurence-Timmons-150x150.png,png
glasswallsolutions.com,/wp-includes/css/dist/block-library/style.min.css,css
glasswallsolutions.com,/wp-includes/js/jquery/jquery.js,js
